<?xml version="1.0" encoding="UTF-8"?>
<!DOCTYPE rfc SYSTEM "rfc2629.dtd">
<?rfc toc="yes"?>
<?rfc tocompact="yes"?>
<?rfc tocdepth="3"?>
<?rfc tocindent="yes"?>
<?rfc symrefs="yes"?>
<?rfc sortrefs="yes"?>
<?rfc comments="yes"?>
<?rfc inline="yes"?>
<?rfc compact="yes"?>
<?rfc subcompact="no"?>
<rfc category="exp" docName="draft-baker-document-00" ipr="trust200902">
  <front>
    <title abbrev="Abbreviated-Title">Full Title</title>

    <author fullname="Fred Baker" initials="F.J." surname="Baker">
      <organization>Cisco Systems</organization>

      <address>
        <postal>
          <street>1121 Via Del Rey</street>

          <city>Santa Barbara</city>

          <code>93117</code>

          <region>California</region>

          <country>USA</country>
        </postal>

        <phone>+1-408-526-4257</phone>

        <facsimile>+1-413-473-2403</facsimile>

        <email>fred@cisco.com</email>
      </address>
    </author>

    <date month="August" year="2003" />

    <area>Routing Area</area>

    <workgroup>Interdomain Routing Working Group</workgroup>

    <keyword>Sample</keyword>

    <keyword>Draft</keyword>

    <abstract>
      <t></t>
    </abstract>

    <note title="Requirements Language">
      <t>The key words "MUST", "MUST NOT", "REQUIRED", "SHALL", "SHALL NOT",
      "SHOULD", "SHOULD NOT", "RECOMMENDED", "MAY", and "OPTIONAL" in this
      document are to be interpreted as described in <xref
      target="RFC2119">RFC 2119</xref>.</t>
    </note>
  </front>

  <middle>
    <section title="Problem Statement">
      <t></t>

      <section title="Level 2">
        <t><list style="symbols">
            <t></t>
          </list></t>
      </section>

      <section title="Another Level 2">
        <figure>
          <preamble>preamble to the figure.</preamble>

          <artwork>
              
        ASCII artwork goes here... 

</artwork>

          <postamble>As you can see, this figure doodled and
          dawdled.</postamble>
        </figure>
      </section>
    </section>

    <section anchor="IANA" title="IANA Considerations">
      <t>This document makes no request of IANA.</t>

      <t>Note to RFC Editor: this section may be removed on publication as an
      RFC.</t>
    </section>

    <section anchor="Security" title="Security Considerations">
      <t></t>
    </section>

    <section anchor="Acknowledgements" title="Acknowledgements">
      <t></t>
    </section>
  </middle>

  <back>
    <references title="Normative References">
      <?rfc include="reference.RFC.2119"?>
    </references>

    <references title="Informative References">
      <reference anchor="InfRef">
        <front>
          <title></title>

          <author>
            <organization></organization>
          </author>

          <date year="2004" />
        </front>
      </reference>
    </references>

    <section title="An Appendix">
      <t></t>
    </section>
  </back>
</rfc>
