<?xml version="1.0" encoding="UTF-8"?>
<!DOCTYPE rfc SYSTEM "rfc2629.dtd">
<?rfc toc="yes"?>
<?rfc tocompact="yes"?>
<?rfc tocdepth="3"?>
<?rfc tocindent="yes"?>
<?rfc symrefs="yes"?>
<?rfc sortrefs="yes"?>
<?rfc comments="yes"?>
<?rfc inline="yes"?>
<?rfc compact="yes"?>
<?rfc subcompact="no"?>
<rfc category="exp" docName="draft-my-document-00" ipr="trust200902">
  <front>
    <title abbrev="Abbreviated-Title">Full Title</title>

    <author fullname="Author Name" initials="A." surname="Name">
      <organization></organization>
    </author>

    <date/>

    <abstract>
      <t></t>
    </abstract>

    <note title="Requirements Language">
      <t>The key words "MUST", "MUST NOT", "REQUIRED", "SHALL", "SHALL NOT",
      "SHOULD", "SHOULD NOT", "RECOMMENDED", "MAY", and "OPTIONAL" in this
      document are to be interpreted as described in <xref
      target="RFC2119">RFC 2119</xref>.</t>
    </note>
  </front>

  <middle>
    <section title="Introduction">
      <t></t>
    </section>

    <section anchor="IANA" title="IANA Considerations">
      <t>This document makes no request of IANA.</t>

      <t>Note to RFC Editor: this section may be removed on publication as an
      RFC.</t>
    </section>

    <section anchor="Security" title="Security Considerations">
      <t></t>
    </section>

    <section anchor="Acknowledgements" title="Acknowledgements">
      <t></t>
    </section>
  </middle>

  <back>
    <references title="Normative References">
      <?rfc include="reference.RFC.2119"?>
    </references>
  </back>
</rfc>
