<?xml version="1.0" encoding="iso-8859-1" standalone="no"?>
<!DOCTYPE toc PUBLIC "-//Sun Microsystems Inc.//DTD JavaHelp TOC Version 1.0//EN" "http://java.sun.com/products/javahelp/toc_1_0.dtd">
<toc version="1.0">
  <tocitem target="idp55704272" text="xml2rfc Plugin">
    <tocitem target="idp51573904" text="Overview"/>
    <tocitem target="idp56026896" text="Usage">
      <tocitem target="idp53831984" text="Toolbar"/>
      <tocitem target="idp56496256" text="Keyboard Shortcuts"/>
    </tocitem>
    <tocitem target="idp56509120" text="XML2RFC menu">
      <tocitem target="idp56532336" text="Convert sub-menu"/>
    </tocitem>
    <tocitem target="idp56543824" text="Table Rendering"/>
    <tocitem target="idp56554176" text="Processing Instructions"/>
    <tocitem target="idp56558736" text="Including External References"/>
    <tocitem target="idp56591520" text="Customization">
      <tocitem target="idp56592656" text="Pointing to other data sources"/>
      <tocitem target="idp56596240" text="Configuring HTTP proxy, web conversion service, custom xsl, etc."/>
      <tocitem target="idp56609392" text="Customizing elements to add and other aspects of the plugin"/>
    </tocitem>
    <tocitem target="idp56614464" text="Known Limitations"/>
    <tocitem target="idp56617552" text="Support"/>
    <tocitem target="idp56620688" text="Change Log"/>
  </tocitem>
</toc>
