<?xml version="1.0" encoding="iso-8859-1" standalone="no"?>
<!DOCTYPE toc PUBLIC "-//Sun Microsystems Inc.//DTD JavaHelp TOC Version 1.0//EN" "http://java.sun.com/products/javahelp/toc_1_0.dtd">
<toc version="1.0">
  <tocitem target="idp55703648" text="xml2rfc Plugin">
    <tocitem target="idp51491808" text="Overview"/>
    <tocitem target="idp51454032" text="Usage">
      <tocitem target="idp51414400" text="Toolbar"/>
      <tocitem target="idp56796752" text="Keyboard Shortcuts"/>
    </tocitem>
    <tocitem target="idp56809616" text="XML2RFC menu">
      <tocitem target="idp56832912" text="Convert sub-menu"/>
    </tocitem>
    <tocitem target="idp56844496" text="Table Rendering"/>
    <tocitem target="idp56854848" text="Processing Instructions"/>
    <tocitem target="idp56859488" text="Including External References"/>
    <tocitem target="idp56892368" text="Customization">
      <tocitem target="idp56893504" text="Pointing to other data sources"/>
      <tocitem target="idp56897088" text="Configuring HTTP proxy, web conversion service, custom xsl, etc."/>
      <tocitem target="idp56910240" text="Customizing elements to add and other aspects of the plugin"/>
    </tocitem>
    <tocitem target="idp56915312" text="Known Limitations"/>
    <tocitem target="idp56918400" text="Support"/>
    <tocitem target="idp56921536" text="Change Log"/>
  </tocitem>
</toc>
